{"_timestamp":1.7263195141884773e+09,"_runtime":98432.676956088,"_wandb":{"runtime":98437},"_step":999,"epoch/loss":237472.125,"epoch/val_loss":302462.53125,"epoch/epoch":999,"epoch/learning_rate":0.0010000000474974513}